{
  "categories": [
    {
      "id": "special",
      "name": "Special Menu",
      "path": "images/menu/{language}/special_{language}.pdf",
      "description": "Special seasonal and featured items"
    },
    {
      "id": "hot_drinks",
      "name": "Hot Drinks",
      "path": "images/menu/{language}/hot_drinks_{language}.pdf",
      "description": "Warm and comforting hot beverages"
    },
    {
      "id": "cold_drinks",
      "name": "Cold Drinks",
      "path": "images/menu/{language}/cold_drinks_{language}.pdf",
      "description": "Refreshing cold beverages and iced drinks"
    },
    {
      "id": "food",
      "name": "Food",
      "path": "images/menu/{language}/food_{language}.pdf",
      "description": "Delicious food items and snacks"
    }
  ],
  "languages": ["en", "ru", "ka", "fr", "hi", "uk", "de", "tr", "ja", "zh"],
  "basePath": "images/menu"
} 